ID,Mean5,Mean25,s5,s25
SO,6.2,4.9,5.2,4.8
TE,6.8,4.88,8.288546,5.047111
SB,6.2,4.28,4.817,3.52
NA,7,4.91,2.91,4.481
RD,6.6,5.17,5.201,4.9774
cj,4.6,8.8,4.159,6.01
SB,7.4,5.56,8.961,4.925
KJ,9.2,6.12,2.588,5.061
CJ,4.2,5.12,2.280351,5.449159
SS,5.3,6.09,5.29675,4.76773
JB,9.6,5.92,7.092249,6.257795
dz,12.5,,10.41,
KD,2.6,6.24,1.854724,4.867237
MD,11.2,6.64,5.761944,6.499231
AR,5.2,5.44,5.357238,5.863145
PK,4.6,4.4,4.615192,4.102845
BA,4.4,5.2,4.505552,6.049242